"site","title","company","location","date_posted","job_type","job_url"
"indeed","Junior DevOps Engineer","Shivom Consultancy Ltd","Brentford, ENG, GB","2026-01-28","fulltime","https://uk.indeed.com/viewjob?jk=4cc13bbf0a02191d"
"indeed","Lead Front End Software Engineer - TypeScript React - Vice President","JPMorganChase","London, ENG, GB","2026-01-28","fulltime","https://uk.indeed.com/viewjob?jk=9b25e97725335bb2"
"indeed","Experienced AI Software Engineer","AVEVA","Cambridge, ENG, GB","2026-01-28","fulltime","https://uk.indeed.com/viewjob?jk=b7e09c1df33b288e"
"indeed","Junior Helpdesk Engineer","Commercial Services Group","West Malling, ENG, GB","2026-01-27","fulltime","https://uk.indeed.com/viewjob?jk=6eff58003d067358"
"indeed","Principal Information Security Engineer","Mastercard","London, ENG, GB","2026-01-27","fulltime","https://uk.indeed.com/viewjob?jk=32e27ef618eca6fc"
"indeed","Senior Machine Learning Engineer","Sky","London, ENG, GB","2026-01-27","fulltime","https://uk.indeed.com/viewjob?jk=2c9856dfade69b30"
"indeed","Junior Test Engineer","Ziff Davis","London, ENG, GB","2026-01-27","fulltime","https://uk.indeed.com/viewjob?jk=305928451c721faa"
"indeed","Junior Cloud DevOps Engineer - Performance Science","Brighton and Hove Albion Football Club","Brighton and Hove, ENG, GB","2026-01-27","fulltime","https://uk.indeed.com/viewjob?jk=560de70ee84eeb99"
"indeed","Junior Cloud DevOps Engineer - Performance Science","Brighton and Hove Albion Football Club","Lancing, ENG, GB","2026-01-27","fulltime","https://uk.indeed.com/viewjob?jk=09d3deb038135058"
"indeed","Junior AI Engineer","Nomad Digital","Newcastle upon Tyne, ENG, GB","2026-01-27","fulltime","https://uk.indeed.com/viewjob?jk=45343bfcb4c208e3"
"indeed","Junior UX Designer","Trainline","London, ENG, GB","2026-01-27","fulltime","https://uk.indeed.com/viewjob?jk=e26653bbcdde9093"
"indeed","Senior Platform Engineer","UK Tote Group","Wigan, ENG, GB","2026-01-27","fulltime","https://uk.indeed.com/viewjob?jk=a2a3d4f150595621"
"indeed","Cloud Engineer, Azure","Fortegra","London, ENG, GB","2026-01-27","","https://uk.indeed.com/viewjob?jk=f3ab4a946ac7d5b9"
"indeed","Senior Product Designer - Digital Lending","OakNorth","London, ENG, GB","2026-01-27","fulltime","https://uk.indeed.com/viewjob?jk=d21ca47567edd396"
"indeed","Senior Simulation Engineer (Data Science)","Gousto","London, ENG, GB","2026-01-27","fulltime","https://uk.indeed.com/viewjob?jk=997f21939b4586ba"
"indeed","Dev Ops Engineer Level 4 Apprenticeship","Transport for London","Pier, ENG, GB","2026-01-27","fulltime","https://uk.indeed.com/viewjob?jk=0723241c9943b73a"
"indeed","Senior Software Engineer - Markets Prepay","Kraken","London, ENG, GB","2026-01-27","fulltime","https://uk.indeed.com/viewjob?jk=faf18faa4c704c57"
"indeed","Machine Learning Engineer","","Bristol, ENG, GB","2026-01-27","fulltime","https://uk.indeed.com/viewjob?jk=0c4d282a348a7bcd"
"indeed","Senior Independent Software Developer","","Remote, GB","2026-01-27","parttime, fulltime","https://uk.indeed.com/viewjob?jk=dabe3840d673ad0b"
"indeed","Software Engineer Developer","CDW","London, ENG, GB","2026-01-27","fulltime","https://uk.indeed.com/viewjob?jk=62a46d0af5894d23"
"indeed","Back End Developer","Barclays","Knutsford, ENG, GB","2026-01-26","","https://uk.indeed.com/viewjob?jk=3a858bcd012a5501"
"indeed","Analytics Engineer","MVF","London, ENG, GB","2026-01-26","","https://uk.indeed.com/viewjob?jk=5343c323fb41ac66"
"indeed","Senior Software Engineer (C#, .NET)","PEXA","Leeds, ENG, GB","2026-01-26","","https://uk.indeed.com/viewjob?jk=0b96d3cfb229f21e"
"indeed","Senior Software Engineer (C#, .NET)","PEXA","Thame, ENG, GB","2026-01-26","","https://uk.indeed.com/viewjob?jk=81c7d071e76b9661"
"indeed","Senior Machine Learning Research Engineer","Cambridge University Press & Assessment","Cambridge, ENG, GB","2026-01-26","","https://uk.indeed.com/viewjob?jk=6b56d4eb01b2780c"
"indeed","Senior Electrical Engineer- Power Generation/Energy Solution","J&T Business Consulting","Armagh, NIR, GB","2026-01-26","fulltime","https://uk.indeed.com/viewjob?jk=6a93b625bb0ad18d"
"indeed","Senior Software Engineer Developer","CDW","London, ENG, GB","2026-01-26","fulltime","https://uk.indeed.com/viewjob?jk=db0848ab64bfe359"
"indeed","Senior Software Engineer","Gousto","London, ENG, GB","2026-01-26","fulltime","https://uk.indeed.com/viewjob?jk=1cfcaac9ced147cd"
"indeed","Electrical Engineer / Senior Engineer (Building Services)","WSP","Birmingham, ENG, GB","2026-01-26","parttime","https://uk.indeed.com/viewjob?jk=8cbec2a5e5ecc968"
"indeed","Infrastructure Engineer - Core Applications","HM Revenue & Customs","Manchester, ENG, GB","2026-01-26","parttime, fulltime","https://uk.indeed.com/viewjob?jk=fc2c69e808c6fb85"
"indeed","Senior Software Developer","Smedley Group","Bicester, ENG, GB","2026-01-26","fulltime","https://uk.indeed.com/viewjob?jk=22d9627bb0d3f716"
"indeed","Junior Data Engineer","Bionic Group","London, ENG, GB","2026-01-26","fulltime","https://uk.indeed.com/viewjob?jk=ba1a3d22a0fc644c"
"indeed","Software Development Engineer II","American Express Global Business Travel","Manchester, ENG, GB","2026-01-15","fulltime","https://uk.indeed.com/viewjob?jk=9130f91e4b07fd15"
"indeed","Software Development Engineer III","American Express Global Business Travel","Manchester, ENG, GB","2026-01-15","fulltime","https://uk.indeed.com/viewjob?jk=1edf0bd169886ec8"
"indeed","Senior Security Engineer, AWS Security","Amazon Web Services","Thames Valley, ENG, GB","2025-09-15","fulltime","https://uk.indeed.com/viewjob?jk=27e37e328d7f087a"
"indeed","Senior Security Engineer, AWS Security","Amazon Web Services","London, ENG, GB","2025-09-15","fulltime","https://uk.indeed.com/viewjob?jk=50012bb1af1822e5"
"indeed","Lead Consultant UK | GCP | Data & AI/ML Pre-Sales Architect","Devoteam","London, ENG, GB","2024-09-18","fulltime","https://uk.indeed.com/viewjob?jk=e47ec127ce8276db"
"linkedin","Senior Data Engineer","hackajob","Bristol, England, UK","2026-01-27","","https://www.linkedin.com/jobs/view/4330046988"
"linkedin","Senior Data Engineer","*able","London Area, United Kingdom","2026-01-27","","https://www.linkedin.com/jobs/view/4366321283"
"linkedin","Senior Data Engineer Contract - £700-£800/day (Inside IR35)","Oliver Bernard","London Area, United Kingdom","2026-01-27","","https://www.linkedin.com/jobs/view/4356181071"
"linkedin","Senior Data Engineer","Addition","Leicestershire, England, UK","2026-01-27","","https://www.linkedin.com/jobs/view/4365962359"
"linkedin","Senior Data Engineer","Durlston Partners","England, United Kingdom","2026-01-27","","https://www.linkedin.com/jobs/view/4356170440"
"linkedin","Senior Data Engineer","CGI","Wideopen, England, UK","2026-01-27","","https://www.linkedin.com/jobs/view/4354606088"
"linkedin","Senior Software Engineer - Intraday Analytics","Bloomberg","London, England, UK","2026-01-27","","https://www.linkedin.com/jobs/view/4351346381"
"linkedin","Senior Analytics Engineer","Lendable","London, England, UK","2026-01-27","","https://www.linkedin.com/jobs/view/4327685743"
"linkedin","Data Strategy Analyst - Temp Contract","Schroders","London, England, UK","2026-01-27","","https://www.linkedin.com/jobs/view/4354651949"
"linkedin","Data Engineer","Bright Purple","Edinburgh, Scotland, UK","2026-01-27","","https://www.linkedin.com/jobs/view/4355952579"
"linkedin","Data Engineer","Fruition Group","City Of London, England, UK","2026-01-27","","https://www.linkedin.com/jobs/view/4366311289"
"linkedin","Senior Data Engineer - London - £75,000-£85,000 - Hybrid - Insurance (2 days a week onsite)","Ascentia Partners","London Area, United Kingdom","2026-01-26","","https://www.linkedin.com/jobs/view/4366129599"
"linkedin","Senior Data Engineer","McCabe & Barton","London Area, United Kingdom","2026-01-26","","https://www.linkedin.com/jobs/view/4355737476"
"linkedin","Senior Data Engineer","MRP Group","London Area, United Kingdom","2026-01-26","","https://www.linkedin.com/jobs/view/4355950817"
"linkedin","Senior Data Engineer","Venture Up","London Area, United Kingdom","2026-01-26","","https://www.linkedin.com/jobs/view/4366188380"
"linkedin","Senior Data Engineer","Gravitas Recruitment Group (Global) Ltd","Greater Manchester, England, UK","2026-01-26","","https://www.linkedin.com/jobs/view/4355718577"
"linkedin","Senior Data Engineer – Databricks (Delta Live Tables)","Robert Half","London Area, United Kingdom","2026-01-26","","https://www.linkedin.com/jobs/view/4355707795"
"linkedin","Senior Data Engineer","Ocean Infinity","Southampton, England, UK","2026-01-26","","https://www.linkedin.com/jobs/view/4366152782"
"linkedin","Senior Software Engineer, Data Engineering","rmg digital","London Area, United Kingdom","2026-01-26","","https://www.linkedin.com/jobs/view/4355930450"
"linkedin","Senior Staff Data Engineer","Visa","Cambridge, England, UK","2026-01-26","","https://www.linkedin.com/jobs/view/4365883491"
"linkedin","Senior Data Engineer - Harnham","Jobster","Accrington, England, UK","2026-01-26","","https://www.linkedin.com/jobs/view/4321515720"
"linkedin","Senior Data Engineer - Harnham","Jobster","London, England, UK","2026-01-26","","https://www.linkedin.com/jobs/view/4365815963"
"linkedin","Senior Data Engineer – Azure - Fynity","Jobster","City Of London, England, UK","2026-01-26","","https://www.linkedin.com/jobs/view/4321505209"
"linkedin","Senior Data Analytics Engineer - FinCrime","Zepz","","2026-01-26","","https://www.linkedin.com/jobs/view/4355769519"
"linkedin","Senior Data Engineer - Piper Maddox","Jobster","Glasgow, Scotland, UK","2026-01-26","","https://www.linkedin.com/jobs/view/4365829013"
"linkedin","Senior/ Staff Software Engineer, Data Infrastructure","Intercom","London, England, UK","2026-01-26","","https://www.linkedin.com/jobs/view/4219033774"
"linkedin","Data Engineer - £150k-£200k TC","Saragossa","Greater London, England, UK","2026-01-26","","https://www.linkedin.com/jobs/view/4355726518"
"linkedin","Data Engineer Summer Intern","S&P Global","London, England, UK","2026-01-26","","https://www.linkedin.com/jobs/view/4365868477"
"linkedin","Junior Big Data Developer","Information Tech Consultants","London Area, United Kingdom","2026-01-26","","https://www.linkedin.com/jobs/view/4321315127"
"linkedin","Apprenticeship - Data Engineer Level 5","Cummins Europe","Darlington, England, UK","2026-01-26","","https://www.linkedin.com/jobs/view/4365872463"
"linkedin","Data Engineer","Bright Purple","Auchterarder, Scotland, UK","2026-01-26","","https://www.linkedin.com/jobs/view/4355707730"
"linkedin","Senior Data Engineer","Lumora Solutions","London Area, United Kingdom","2026-01-25","","https://www.linkedin.com/jobs/view/4365776045"
"linkedin","Mid/Senior/Principial Data Engineers - Multiple hires.","numi","London Area, United Kingdom","","","https://www.linkedin.com/jobs/view/4348441931"
"linkedin","Senior Data Engineer","Global X ETFs Europe","London Area, United Kingdom","","","https://www.linkedin.com/jobs/view/4366352821"
"linkedin","Remote (Sr.) Data Engineer (m/f/d)","Founderful","London, England, UK","","","https://www.linkedin.com/jobs/view/4366381972"
"linkedin","Senior Data Engineer","Techmunity","London Area, United Kingdom","","","https://www.linkedin.com/jobs/view/4366320957"
"linkedin","Senior Data Engineer","ScaleOps Search Ltd","","","","https://www.linkedin.com/jobs/view/4366379823"
"linkedin","Senior AI Data Engineer","Booksy","","","","https://www.linkedin.com/jobs/view/4356062924"
"linkedin","Senior Data Engineer","Gravitas Recruitment Group (Global) Ltd","London Area, United Kingdom","","","https://www.linkedin.com/jobs/view/4354079387"
"linkedin","Senior Data Analytics Engineer - Python, SQL, DBT - Fully Remote - Contract","GL Global","","","","https://www.linkedin.com/jobs/view/4356312345"
"linkedin","Senior Data Engineer","Unisys","Milton Keynes, England, UK","","","https://www.linkedin.com/jobs/view/4334950187"
"linkedin","Senior Simulation Engineer (Data Science)","Gousto","London, England, UK","","","https://www.linkedin.com/jobs/view/4355977294"
"linkedin","Senior Data Engineer | Commodities & Energy Trading | ClickHouse-Centric Data Platform | Next-Gen Lakehouse | Python, SQL | Up to £89K + Bonus + Benefits","VirtueTech Recruitment Group","London Area, United Kingdom","","","https://www.linkedin.com/jobs/view/4356254236"
"linkedin","Senior Data Engineer","RES","Kings Langley, England, UK","","","https://www.linkedin.com/jobs/view/4354675764"
"linkedin","Senior Managed Services Data Engineer","Coeo","Reading, England, UK","","","https://www.linkedin.com/jobs/view/4366602687"
"linkedin","Senior Analytics Engineer","Toucanberry Tech","England, United Kingdom","","","https://www.linkedin.com/jobs/view/4366384893"
"linkedin","Senior Data Engineer (Azure)","Michael Page","East Sussex, England, UK","","","https://www.linkedin.com/jobs/view/4366386289"
"linkedin","Data Engineer","Net2Source (N2S)","London Area, United Kingdom","","","https://www.linkedin.com/jobs/view/4364890959"
"linkedin","Data Engineer","Two Circles","London, England, UK","","","https://www.linkedin.com/jobs/view/4366373610"
"linkedin","Associate Data Engineer","Radius","Crewe, England, UK","","","https://www.linkedin.com/jobs/view/4358144960"
"indeed","Research Assistant","Lumanity","London, ENG, GB","2026-01-27","","https://uk.indeed.com/viewjob?jk=499e6a80a4a07f37"
"indeed","Graduate Transport Planner/ Traffic Engineer","Norman Rourke Pryme","London, ENG, GB","2026-01-27","fulltime","https://uk.indeed.com/viewjob?jk=3d1bf19a9301cce8"
"indeed","Graduate Geo-environmental Engineer (Land Quality) - 2026 Programme","SLR Consulting","Cardiff, WLS, GB","2026-01-27","fulltime","https://uk.indeed.com/viewjob?jk=11c98926a2de84af"
"indeed","GRADUATE TEACHING ASSOCIATE COMPUTER SCIENCE","Buckinghamshire New University","High Wycombe, ENG, GB","2026-01-27","","https://uk.indeed.com/viewjob?jk=ca20aa4aedaa3029"
"indeed","Tunnel Ventilation Engineer","AtkinsRéalis","Epsom, ENG, GB","2026-01-27","fulltime","https://uk.indeed.com/viewjob?jk=6c7b97160ac617b3"
"indeed","Geotechnical Engineer / Senior Geotechnical Engineer","AtkinsRéalis","Epsom, ENG, GB","2026-01-27","fulltime","https://uk.indeed.com/viewjob?jk=0a365adb5495f4b4"
"indeed","Chartered Geotechnical Engineer/Senior Geotechnical Engineer","AtkinsRéalis","Glasgow, SCT, GB","2026-01-27","fulltime","https://uk.indeed.com/viewjob?jk=ed9ec3b4c6f312a9"
"indeed","Aquatic Invasive Non-Native Species Scientist","AtkinsRéalis","Derby, ENG, GB","2026-01-27","fulltime","https://uk.indeed.com/viewjob?jk=5701091b178590e8"
"indeed","Senior/Principal Geotechnical Engineer","AtkinsRéalis","Leeds, ENG, GB","2026-01-27","fulltime","https://uk.indeed.com/viewjob?jk=20bb1953969aa6ec"
"indeed","Senior / Principal Geotechnical Engineer","AtkinsRéalis","Bristol, ENG, GB","2026-01-27","fulltime","https://uk.indeed.com/viewjob?jk=49c9c674ef2e0101"
"indeed","Graduate Civil Engineer - London","Statom group","London, ENG, GB","2026-01-27","fulltime","https://uk.indeed.com/viewjob?jk=d93da856e51516ea"
"indeed","Engineering Graduate","Caterpillar","Larne, NIR, GB","2026-01-27","fulltime","https://uk.indeed.com/viewjob?jk=29db161a4c0449b6"
"indeed","Business Analysis B&D Level 4 Apprenticeship","Transport for London","Stratford, ENG, GB","2026-01-27","fulltime","https://uk.indeed.com/viewjob?jk=2ed1d18c4c2a373b"
"indeed","Rail Engineering Vehicles Level 4 Apprenticeship","Transport for London","Stratford, ENG, GB","2026-01-27","fulltime","https://uk.indeed.com/viewjob?jk=c8f5a94c302bcb2c"
"indeed","Highways & Traffic Level 3 Apprenticeship","Transport for London","Stratford, ENG, GB","2026-01-27","fulltime","https://uk.indeed.com/viewjob?jk=49059ac2cd5aa4df"
"indeed","Marketing Manager","Stack Audio","Newton Abbot, ENG, GB","2026-01-27","fulltime","https://uk.indeed.com/viewjob?jk=6d943c84a299cc4f"
"indeed","Principal Environmental Consultant","AtkinsRéalis","Glasgow, SCT, GB","2026-01-26","fulltime","https://uk.indeed.com/viewjob?jk=113f06a064b34dd5"
"indeed","Senior or Principal Peat Soil Scientist","AtkinsRéalis","Glasgow, SCT, GB","2026-01-26","fulltime","https://uk.indeed.com/viewjob?jk=cd872acb402e5af6"
"indeed","Hydroecologist","AtkinsRéalis","Peterborough, ENG, GB","2026-01-26","fulltime","https://uk.indeed.com/viewjob?jk=cb29b20cab92f158"
"indeed","Early Careers Recruiter","AtkinsRéalis","Birmingham, ENG, GB","2026-01-26","fulltime","https://uk.indeed.com/viewjob?jk=5c4b4772f894aff9"
"indeed","Graduate Validation Engineer","Cirrus Logic","Edinburgh, SCT, GB","2026-01-26","fulltime","https://uk.indeed.com/viewjob?jk=2b779fcc9256977f"
"indeed","Graduate Validation Engineer","Cirrus Logic","Edinburgh, SCT, GB","2026-01-26","fulltime","https://uk.indeed.com/viewjob?jk=e37bd8462e17e32e"
"indeed","Graduate Geo-Environmental Engineer","Evan Craig","Glasgow, SCT, GB","2026-01-26","","https://uk.indeed.com/viewjob?jk=00792a9986cc7e2b"
"indeed","Graduate Software Engineer 2026","Suade","London, ENG, GB","2026-01-26","fulltime","https://uk.indeed.com/viewjob?jk=c79ecba6ba48596f"
"indeed","Mechanical Design Engineer (Special Projects)","Lockheed Martin","Ampthill, ENG, GB","2026-01-26","fulltime","https://uk.indeed.com/viewjob?jk=c3e1c8308ab37223"
"indeed","Site Engineer","M Group","Sidcup, ENG, GB","2026-01-26","","https://uk.indeed.com/viewjob?jk=8bf075544e8e213b"
"indeed","Trainee Metering Engineer","Jersey Electricity","St Helier, ENG, GB","2026-01-26","fulltime","https://uk.indeed.com/viewjob?jk=412f9599a34bad49"
"indeed","Senior Airport Planner","AtkinsRéalis","Epsom, ENG, GB","2026-01-26","fulltime","https://uk.indeed.com/viewjob?jk=479deeace02e952e"
"indeed","Assistant Project Manager","Balfour Beatty","Elgin, SCT, GB","2026-01-26","","https://uk.indeed.com/viewjob?jk=a681f8f3ce0c7470"
"indeed","Graduate, Data Analytics","Checkout.com","London, ENG, GB","2026-01-26","","https://uk.indeed.com/viewjob?jk=2326dc635f999376"
"indeed","Intern, Data Analytics","Checkout.com","London, ENG, GB","2026-01-26","internship","https://uk.indeed.com/viewjob?jk=a39078a735260297"
"indeed","AI Engineer Apprentice","QA","Pontefract, ENG, GB","2026-01-26","fulltime","https://uk.indeed.com/viewjob?jk=5c0a7fd37a1fd8f5"
"indeed","Software Engineer Apprentice","QA","Pontefract, ENG, GB","2026-01-26","fulltime","https://uk.indeed.com/viewjob?jk=51c28bd49b965f3e"
"indeed","Graduate Mechanical Design Engineer","Sudlows","Oldham, ENG, GB","2026-01-26","","https://uk.indeed.com/viewjob?jk=41a109e079901218"
"indeed","Business Development Representative","Epicor Software","Bracknell, ENG, GB","2026-01-26","fulltime","https://uk.indeed.com/viewjob?jk=77b0a72bbe3b42b9"
"indeed","Software Dev Intern - AI / Machine Learning","Amazon.com","Cambridge, ENG, GB","2025-11-12","fulltime","https://uk.indeed.com/viewjob?jk=3da0c37ef4413769"
"indeed","Software Dev Intern - AI / Machine Learning","Amazon.com","London, ENG, GB","2025-11-12","fulltime","https://uk.indeed.com/viewjob?jk=25b3db792c196bd8"
"indeed","Safety Specialist Internship","Amazon.com","Haydock, ENG, GB","2025-10-07","fulltime","https://uk.indeed.com/viewjob?jk=e0607daddb22a1b0"
"indeed","Safety Specialist Internship","Amazon.com","Rugby, ENG, GB","2025-10-07","fulltime","https://uk.indeed.com/viewjob?jk=8d544dfabf4bc199"
"indeed","Safety Specialist Internship","Amazon.com","Wakefield, ENG, GB","2025-10-07","fulltime","https://uk.indeed.com/viewjob?jk=20e85377b0daef63"
"indeed","Safety Specialist Internship","Amazon.com","Bristol, ENG, GB","2025-10-07","fulltime","https://uk.indeed.com/viewjob?jk=2e6602136eeaccd8"
"indeed","Safety Specialist Internship","Amazon.com","Nottingham, ENG, GB","2025-10-07","fulltime","https://uk.indeed.com/viewjob?jk=8f74eb13f5af72d4"
"indeed","Safety Specialist Internship","Amazon.com","Manchester, ENG, GB","2025-10-07","fulltime","https://uk.indeed.com/viewjob?jk=64fb76e6b3e1b0cb"
"indeed","Safety Specialist Internship","Amazon.com","Swindon, ENG, GB","2025-10-07","fulltime","https://uk.indeed.com/viewjob?jk=cd00fbdeed1c89ac"
"indeed","Safety Specialist Internship","Amazon.com","Swansea, WLS, GB","2025-10-07","fulltime","https://uk.indeed.com/viewjob?jk=782df8970886aaa4"
"indeed","Safety Specialist Internship","Amazon.com","Doncaster, ENG, GB","2025-10-07","fulltime","https://uk.indeed.com/viewjob?jk=6a4cfd2322edb815"
"indeed","2026 Software Dev Engineer Intern - UK","Amazon.com","London, ENG, GB","2025-09-03","fulltime","https://uk.indeed.com/viewjob?jk=de716bb44923fe15"
"indeed","2026 Software Dev Engineer Intern - UK","Amazon.com","Cambridge, ENG, GB","2025-09-03","fulltime","https://uk.indeed.com/viewjob?jk=fd8f9b8f9d890e34"
"indeed","2026 Software Dev Engineer Intern - UK","Amazon.com","Edinburgh, SCT, GB","2025-09-03","fulltime","https://uk.indeed.com/viewjob?jk=930c825d621ddb71"
"linkedin","Data Analyst Level 4 Apprenticeship","Transport for London","London, England, UK","2026-01-27","","https://www.linkedin.com/jobs/view/4365967215"
"linkedin","Data & Analytics Graduate Programme","FDM Group","Leeds, England, UK","2026-01-27","","https://www.linkedin.com/jobs/view/4355983639"
"linkedin","Python Quant Developer - Risk/Pricing Platform - London- Market-Leading Global Hedge Fund","Jobs via eFinancialCareers","London, England, UK","2026-01-27","","https://www.linkedin.com/jobs/view/4358243068"
"linkedin","Highway Engineer","London Borough of Sutton","London, England, UK","2026-01-27","","https://www.linkedin.com/jobs/view/4354553583"
"linkedin","C++ Software Engineer - Core Dev Simulation- Leading Quant Fund","Jobs via eFinancialCareers","London, England, UK","2026-01-27","","https://www.linkedin.com/jobs/view/4358223022"
"linkedin","Senior Cloud Engineer - S&P Global","Jobs via eFinancialCareers","London, England, UK","2026-01-27","","https://www.linkedin.com/jobs/view/4354375627"
"linkedin","Graduate Software Engineer 2026","Suade","London, England, UK","2026-01-26","","https://www.linkedin.com/jobs/view/4366168582"
"linkedin","Snowflake Data Engineer - Graduate Career Solutions","Jobster","Brighton, England, UK","2026-01-26","","https://www.linkedin.com/jobs/view/4365828214"
"linkedin","Graduate Back-End Developer","IBM","Hursley, England, UK","2026-01-26","","https://www.linkedin.com/jobs/view/4355819251"
"linkedin","Graduate Software Engineer - GradBay","Jobster","Newcastle Upon Tyne, England, UK","2026-01-26","","https://www.linkedin.com/jobs/view/4365833009"
"linkedin","Data Engineer - Tata Consultancy Services","Jobster","Burgess Hill, England, UK","2026-01-26","","https://www.linkedin.com/jobs/view/4321535852"
"linkedin","Junior Data Scientist","Intellect Group","London Area, United Kingdom","2026-01-26","","https://www.linkedin.com/jobs/view/4366196023"
"linkedin","Graduate Software Engineer - Candour","Jobster","Buxton, England, UK","2026-01-26","","https://www.linkedin.com/jobs/view/4321535529"
"linkedin","Junior Embedded Software Engineer","IC Resources","Cambridge, England, UK","2026-01-26","","https://www.linkedin.com/jobs/view/4366131069"
"linkedin","Software Engineer","Platform Recruitment","","2026-01-26","","https://www.linkedin.com/jobs/view/4355905981"
"linkedin","Graduate Software Engineer - Advanced Resource Managers","Jobster","Tewkesbury, England, UK","2026-01-26","","https://www.linkedin.com/jobs/view/4365820635"
"linkedin","Data & Analytics Graduate Programme","FDM Group","Sheffield, England, UK","2026-01-26","","https://www.linkedin.com/jobs/view/4355917579"
"linkedin","Software Engineer - IC Resources","Jobster","Edinburgh, Scotland, UK","2026-01-26","","https://www.linkedin.com/jobs/view/4321485204"
"linkedin","Software Engineer - IC Resources","Jobster","Cambridge, England, UK","2026-01-26","","https://www.linkedin.com/jobs/view/4321485616"
"linkedin","Graduate Engineer - Warranty","Pure Electric","City Of Bristol, England, UK","2026-01-26","","https://www.linkedin.com/jobs/view/4366104968"
"linkedin","Highway Engineer","Royal Borough of Kingston upon Thames","Kingston Upon Hull, England, UK","2026-01-26","","https://www.linkedin.com/jobs/view/4330195048"
"linkedin","Senior System Engineer - Advanced Resource Managers","Jobster","Greater Bristol Area, United Kingdom","2026-01-26","","https://www.linkedin.com/jobs/view/4365828033"
"linkedin","Senior System Engineer - Advanced Resource Managers","Jobster","Greater Bristol Area, United Kingdom","2026-01-26","","https://www.linkedin.com/jobs/view/4321526062"
"linkedin","DevSecOps Engineer Azure - Client Server","Jobster","England, United Kingdom","2026-01-26","","https://www.linkedin.com/jobs/view/4321416078"
"linkedin","Design Engineer - Infrastructure Design Solutions","Jobster","London, England, UK","2026-01-26","","https://www.linkedin.com/jobs/view/4321436039"
"linkedin","Graduate Software/Firmware Engineer","NCR Atleos","Dundee, Scotland, UK","2026-01-25","","https://www.linkedin.com/jobs/view/4312157512"
"linkedin","Industrial Placement Software Engineer","hackajob","Southampton, England, UK","","","https://www.linkedin.com/jobs/view/4326556371"
"linkedin","Data Analyst - Automation","Henderson Rowe","London, England, UK","","","https://www.linkedin.com/jobs/view/4366363754"
"linkedin","Industrial Placement Test Software Engineer","hackajob","Edinburgh, Scotland, UK","","","https://www.linkedin.com/jobs/view/4326740539"
"linkedin","Graduate Software Engineer","Motorola Solutions","Glasgow, Scotland, UK","","","https://www.linkedin.com/jobs/view/4366622715"
"linkedin","Graduate Software Engineer","Motorola Solutions","Glasgow, Scotland, UK","","","https://www.linkedin.com/jobs/view/4366624654"
"linkedin","Junior Software Engineer | DeepTech Start Up","Oho Group Ltd","Cambridge, England, UK","","","https://www.linkedin.com/jobs/view/4366440808"
"linkedin","Graduate Software Engineer","hackajob","Edinburgh, Scotland, UK","","","https://www.linkedin.com/jobs/view/4366433757"
"linkedin","Graduate Embedded Software Engineer","Platform Recruitment","Greater Bristol Area, United Kingdom","","","https://www.linkedin.com/jobs/view/4356273750"
"linkedin","Graduate Software Engineer","BAE Systems Digital Intelligence","Gloucester, England, UK","","","https://www.linkedin.com/jobs/view/4344459394"
"linkedin","Industrial Placement Systems Engineer","hackajob","Edinburgh, Scotland, UK","","","https://www.linkedin.com/jobs/view/4326556370"
"linkedin","Summer Placement Software Engineer","hackajob","Edinburgh, Scotland, UK","","","https://www.linkedin.com/jobs/view/4366455028"
"linkedin","Junior Geotechnical Engineer","FLINTRIDGE RESOURCES LIMITED","Omagh, Northern Ireland, UK","","","https://www.linkedin.com/jobs/view/4366377998"
"linkedin","Research Analyst","Nicholson Glover","London Area, United Kingdom","","","https://www.linkedin.com/jobs/view/4356350976"
"indeed","Project Finance Analyst (PP&C)","Collins Aerospace","Crawley, ENG, GB","2026-01-27","fulltime","https://uk.indeed.com/viewjob?jk=2943825aee2c39c7"
"indeed","Mobile Electrical Engineer","JLL","London, ENG, GB","2026-01-27","fulltime","https://uk.indeed.com/viewjob?jk=cde0f6aebccc0be4"
"indeed","Critical Shift Technician (Data Centre)","CBRE","Slough, ENG, GB","2026-01-27","fulltime","https://uk.indeed.com/viewjob?jk=5da85e79b60cef67"
"indeed","End User Support Team Leader","Cybit","Newcastle upon Tyne, ENG, GB","2026-01-27","fulltime","https://uk.indeed.com/viewjob?jk=181eb36d2f66e205"
"indeed","Technical Product Manager","Roller Software","London, ENG, GB","2026-01-27","","https://uk.indeed.com/viewjob?jk=2406622af249d0e3"
"indeed","Financial Accountant","Kirintec Limited","Ross-on-Wye, ENG, GB","2026-01-27","fulltime","https://uk.indeed.com/viewjob?jk=93caeb39cc74bc45"
"indeed","Customer Partner","The Innovation Group (EMEA) Limited","Remote, GB","2026-01-27","fulltime","https://uk.indeed.com/viewjob?jk=07077c5886ca0daa"
"indeed","Analyst - Consultant level, Cloud Engineer (Azure / GCP / AWS), Cloud Engineering","Deloitte","Aberdeen, SCT, GB","2026-01-27","","https://uk.indeed.com/viewjob?jk=ec2001e2a9b37522"
"indeed","Growth Development Representative (Hybrid)","CrowdStrike","Reading, ENG, GB","2026-01-27","fulltime","https://uk.indeed.com/viewjob?jk=66e5a8b616fc100d"
"indeed","Operations Support","TPS - Technology Powered Services Ltd","Oldham, ENG, GB","2026-01-27","fulltime","https://uk.indeed.com/viewjob?jk=24e755a14f98a05b"
"indeed","Patch Lining and Drainage Repairs Engineer","Octane Holding Group","Tong, ENG, GB","2026-01-27","fulltime","https://uk.indeed.com/viewjob?jk=84111702423d5757"
"indeed","Data Engineer Summer Intern","S&P Global","London, ENG, GB","2026-01-26","internship","https://uk.indeed.com/viewjob?jk=a0009eb17932b616"
"indeed","FP&A Lead","OSTTRA","London, ENG, GB","2026-01-26","fulltime","https://uk.indeed.com/viewjob?jk=210c0076d9f72c76"
"indeed","Service Co-Ordinator","MECE Fire & Security","Rochester, ENG, GB","2026-01-26","fulltime","https://uk.indeed.com/viewjob?jk=86e06142b0650482"
"indeed","IT Manager - SOC and SIEM","Mott MacDonald","Newcastle upon Tyne, ENG, GB","2026-01-26","fulltime","https://uk.indeed.com/viewjob?jk=526476b3e2345c47"
"indeed","Graduate Firmware Engineer {L}","ARKA Group","Edinburgh, SCT, GB","2026-01-26","","https://uk.indeed.com/viewjob?jk=5f7237af1fdf78fa"
"linkedin","Backend Engineer (Remote, GBR)","CrowdStrike","","2026-01-27","","https://www.linkedin.com/jobs/view/4351265884"
"linkedin","Junior Software Engineer (Data)","Joinrs","","2026-01-26","","https://www.linkedin.com/jobs/view/4366104638"
"linkedin","English LLM Data Annotator/Evaluator (Entry level OK, Freelance, Remote) - T-Maxx International","Jobster","City Of London, England, UK","2026-01-26","","https://www.linkedin.com/jobs/view/4365814999"
"linkedin","English LLM Data Annotator/Evaluator (Entry level OK, Freelance, Remote) - T-Maxx International","Jobster","London, England, UK","2026-01-26","","https://www.linkedin.com/jobs/view/4365820218"
"linkedin","English LLM Data Annotator/Evaluator (Entry level OK, Freelance, Remote) - T-Maxx International","Jobster","","2026-01-26","","https://www.linkedin.com/jobs/view/4321415273"
"linkedin","English LLM Data Annotator/Evaluator (Entry level OK, Freelance, Remote) - T-Maxx International","Jobster","London, England, UK","2026-01-26","","https://www.linkedin.com/jobs/view/4365815717"
"linkedin","English LLM Data Annotator/Evaluator (Entry level OK, Freelance, Remote) - T-Maxx International","Jobster","Bury, England, UK","2026-01-26","","https://www.linkedin.com/jobs/view/4365822074"
"linkedin","English LLM Data Annotator/Evaluator (Entry level OK, Freelance, Remote) - T-Maxx International","Jobster","Bolton, England, UK","2026-01-26","","https://www.linkedin.com/jobs/view/4365815901"
"linkedin","English LLM Data Annotator (Remote, Entry level OK, Freelance)","T-Maxx International","","2026-01-26","","https://www.linkedin.com/jobs/view/4321533454"
"linkedin","English LLM Data Annotator/Evaluator (Entry level OK, Freelance, Remote) - T-Maxx International","Jobster","Altrincham, England, UK","2026-01-26","","https://www.linkedin.com/jobs/view/4365822790"
"linkedin","English LLM Data Annotator/Evaluator (Entry level OK, Freelance, Remote) - T-Maxx International","Jobster","Leigh, England, UK","2026-01-26","","https://www.linkedin.com/jobs/view/4321515339"
"linkedin","English LLM Data Annotator/Evaluator (Entry level OK, Freelance, Remote) - T-Maxx International","Jobster","Ashton-Under-Lyne, England, UK","2026-01-26","","https://www.linkedin.com/jobs/view/4321415077"
"linkedin","English LLM Data Annotator/Evaluator (Entry level OK, Freelance, Remote) - T-Maxx International","Jobster","Leeds, England, UK","2026-01-26","","https://www.linkedin.com/jobs/view/4321485094"
"linkedin","Junior Data Analyst","Hirenza","","","","https://www.linkedin.com/jobs/view/4366700484"
"linkedin","Data Analyst Trainee","Hirenza","","","","https://www.linkedin.com/jobs/view/4366700483"
"linkedin","Data Engineer","Areti Group | B Corp™","London Area, United Kingdom","","","https://www.linkedin.com/jobs/view/4366726225"
"linkedin","Junior Data Analyst - Information Tech Consultants","Jobster","England, United Kingdom","","","https://www.linkedin.com/jobs/view/4366419500"
"linkedin","AI & Data Testing Engineer","Just IT","Oxford, England, UK","","","https://www.linkedin.com/jobs/view/4366728136"
"linkedin","Data Management and Reporting Executive (Entry Level)","WPP Media","London, England, UK","","","https://www.linkedin.com/jobs/view/4351176720"
"indeed","Process Engineer","Crane Authentication","Washington, ENG, GB","2026-01-28","fulltime","https://uk.indeed.com/viewjob?jk=613f863bf5aba499"
"indeed","Customer Support Associate","HIVED","London, ENG, GB","2026-01-27","","https://uk.indeed.com/viewjob?jk=015edb564f479b1f"
"indeed","Data Engineer","Appello Group","New Milton, ENG, GB","2026-01-27","fulltime","https://uk.indeed.com/viewjob?jk=5f6133010bbb08d9"
"indeed","UX Designer - Senior Associate","JPMorganChase","London, ENG, GB","2026-01-27","fulltime","https://uk.indeed.com/viewjob?jk=230432619987f5bb"
"indeed","SaaS Solutions Product Engineer","Financial Conduct Authority","London, ENG, GB","2026-01-27","fulltime","https://uk.indeed.com/viewjob?jk=7fc59147b96b6175"
"indeed","AWS IaaS Sys Admin","Accenture","Birmingham, ENG, GB","2026-01-27","fulltime","https://uk.indeed.com/viewjob?jk=3d3dfa227a7ec4b9"
"indeed","Mechanical Design Engineer (Enclosure Design)","Caterpillar","Larne, NIR, GB","2026-01-27","fulltime","https://uk.indeed.com/viewjob?jk=cf0a2c98fdc03695"
"indeed","Associate Software Engineer","Beyond","Newmarket, ENG, GB","2026-01-27","","https://uk.indeed.com/viewjob?jk=49c9fe96188d2d92"
"indeed","Data Engineer","ELEMIS","Avonmouth, ENG, GB","2026-01-27","fulltime","https://uk.indeed.com/viewjob?jk=ea0a95babbd9edc5"
"indeed","Associate Director Civil Structures","AtkinsRéalis","London, ENG, GB","2026-01-27","fulltime","https://uk.indeed.com/viewjob?jk=2dd98d5bd76ae4cb"
"indeed","Senior/Principal/Chief Geotechnical Engineer-Offshore","AtkinsRéalis","Epsom, ENG, GB","2026-01-27","fulltime","https://uk.indeed.com/viewjob?jk=11884a6936167f8d"
"indeed","Geotechnical Engineer","AtkinsRéalis","Epsom, ENG, GB","2026-01-27","fulltime","https://uk.indeed.com/viewjob?jk=6e8f7d1fe3b32898"
"indeed","Associate/Chief Geotechnical Engineer-Offshore","AtkinsRéalis","Epsom, ENG, GB","2026-01-27","fulltime","https://uk.indeed.com/viewjob?jk=56beac0baee51edc"
"indeed","Associate Mechanical Design Engineer (Data Centres) - London","TRACTEBEL","London, ENG, GB","2026-01-27","fulltime","https://uk.indeed.com/viewjob?jk=46b798252fbaad5b"
"indeed","Part-Time Production Assembly Associate","Ossila Limited","Sheffield, ENG, GB","2026-01-27","fulltime","https://uk.indeed.com/viewjob?jk=2d67414892b82e29"
"indeed","Associate Mechanical Design Engineer (Data Centres) - London","ENGIE","London, ENG, GB","2026-01-27","","https://uk.indeed.com/viewjob?jk=1e986d51aac4d070"
"indeed","Senior Business Associate - Regulatory Support and People Capital - VP","Citi","Belfast, NIR, GB","2026-01-26","fulltime","https://uk.indeed.com/viewjob?jk=e08c0352a161a4cb"
"indeed","Senor DevOps Engineer","LSEG (London Stock Exchange Group)","London, ENG, GB","2026-01-26","fulltime","https://uk.indeed.com/viewjob?jk=99a50cc57ba864db"
"indeed","Product Lead (Pre booking experience)","IAG Loyalty","Crawley, ENG, GB","2026-01-26","fulltime","https://uk.indeed.com/viewjob?jk=af22ec09d2381657"
"indeed","Associate Systems Support Engineer","Cubic Corporation","Greenford, ENG, GB","2026-01-26","fulltime","https://uk.indeed.com/viewjob?jk=18570f097239b7c8"
"indeed","Associate Test Technician","Element Materials Technology","Aberdeen, SCT, GB","2026-01-26","","https://uk.indeed.com/viewjob?jk=9a1607ac77934bd1"
"indeed","Supplier Quality Engineer","NCR Atleos","Dundee, SCT, GB","2026-01-26","","https://uk.indeed.com/viewjob?jk=f5c1393335a0520f"
"indeed","Product Lead (Pre booking experience)","British Airways","Crawley, ENG, GB","2026-01-26","fulltime","https://uk.indeed.com/viewjob?jk=fcaf69bcb659c2e4"
"indeed","Lead Site Reliability Engineer (Global Payment Network)","Capital One","Farnborough, ENG, GB","2026-01-26","fulltime","https://uk.indeed.com/viewjob?jk=e2ba5c299a7408d3"
"indeed","Asset & Wealth Management - Software Engineer - Associate - London","Goldman Sachs","London, ENG, GB","2026-01-26","fulltime","https://uk.indeed.com/viewjob?jk=ae9e9c6b18bd08f3"
"indeed","Optical Systems Associate (Undergraduate / Placement)","Illumina","Cambridge, ENG, GB","2026-01-26","fulltime","https://uk.indeed.com/viewjob?jk=a6502de0a2d91a92"
"indeed","Product Lead (Pre booking experience)","British Airways","Crawley, ENG, GB","2026-01-26","fulltime","https://uk.indeed.com/viewjob?jk=c7907d25425e82ec"
"indeed","After Sales Associate","WARMHAUS HEATING LTD","Bedford, ENG, GB","2026-01-26","fulltime","https://uk.indeed.com/viewjob?jk=8778efecd5ac552f"
"indeed","Associate Fire Engineer","JENSEN HUGHES","London, ENG, GB","2026-01-26","","https://uk.indeed.com/viewjob?jk=433da766e14dc3a6"
"indeed","AWS Platform Engineer","BAE Systems","Leeds, ENG, GB","2026-01-25","fulltime","https://uk.indeed.com/viewjob?jk=925639488f92c734"
"indeed","Sr Delivery Consultant (AI/ML), Professional Services","Amazon Web Services","London, ENG, GB","2025-12-01","fulltime","https://uk.indeed.com/viewjob?jk=05e551a837474aae"
"indeed","Sr Delivery Consultant (AI/ML), Professional Services","Amazon Web Services","Manchester, ENG, GB","2025-12-01","fulltime","https://uk.indeed.com/viewjob?jk=180fef3708eb251a"
"linkedin","Senior Data Engineer","CGI","Swansea, Wales, UK","2026-01-27","","https://www.linkedin.com/jobs/view/4354547075"
"linkedin","Senior Data Engineer","Ophelos, part of Intrum","London Area, United Kingdom","2026-01-27","","https://www.linkedin.com/jobs/view/4366320599"
"linkedin","Senior Data Engineer","Avensys Consulting","Waterside, Scotland, UK","2026-01-26","","https://www.linkedin.com/jobs/view/4366147331"
"linkedin","Senior Data Engineer | £80k to £90k | Equity | Data Driven Health","Opus Recruitment Solutions","London Area, United Kingdom","2026-01-26","","https://www.linkedin.com/jobs/view/4321496738"
"linkedin","Senior Software Engineer - Research Management Systems (Analytics & Reporting)","Bloomberg","London, England, UK","2026-01-26","","https://www.linkedin.com/jobs/view/4355848084"
"linkedin","Senior Analytics Engineer","DeepL","London, England, UK","","","https://www.linkedin.com/jobs/view/4330455901"
"linkedin","Lead Data Visualisation Software Engineer","Bright Purple","Edinburgh, Scotland, UK","","","https://www.linkedin.com/jobs/view/4356264259"
"linkedin","Senior Data Engineer","Reward","London Area, United Kingdom","","","https://www.linkedin.com/jobs/view/4366368178"
"linkedin","Senior Data Engineer II","LexisNexis","London, England, UK","","","https://www.linkedin.com/jobs/view/4365994689"
"linkedin","Junior Data Engineer","Zealous Agency","","","","https://www.linkedin.com/jobs/view/4366180627"
"linkedin","Data Engineer","Data Idols","London, England, UK","","","https://www.linkedin.com/jobs/view/4356153338"
"linkedin","Junior Data Analyst","Helic & Co.","","","","https://www.linkedin.com/jobs/view/4366327884"
"indeed","Trainee Land Surveyor","Survey Solutions","Glasgow, SCT, GB","2026-01-27","fulltime","https://uk.indeed.com/viewjob?jk=9498adebac6291e0"
"indeed","Trainee Land Surveyor","Survey Solutions","Nottingham, ENG, GB","2026-01-27","fulltime","https://uk.indeed.com/viewjob?jk=d5eff4cc0187d540"
"indeed","Land Surveyor","Survey Solutions","Birmingham, ENG, GB","2026-01-27","fulltime","https://uk.indeed.com/viewjob?jk=17765ab2a66de6d0"
"indeed","Trainee Land Surveyor","Survey Solutions","Yeovil, ENG, GB","2026-01-27","fulltime","https://uk.indeed.com/viewjob?jk=cc2555ac377e1625"
"indeed","Utility Surveyor","Survey Solutions","Ipswich, ENG, GB","2026-01-27","fulltime","https://uk.indeed.com/viewjob?jk=235edfe0e6dbf887"
"indeed","Utility Surveyor","Survey Solutions","Wokingham, ENG, GB","2026-01-27","fulltime","https://uk.indeed.com/viewjob?jk=a466ff9a31160c00"
"indeed","Land Surveyor","Survey Solutions","Yeovil, ENG, GB","2026-01-27","fulltime","https://uk.indeed.com/viewjob?jk=b557dee2fef00e22"
"indeed","ECT Service Operations","GE HealthCare","Chalfont Saint Giles, ENG, GB","2026-01-26","internship","https://uk.indeed.com/viewjob?jk=b4915f765575070e"
"indeed","Trainee Project Co-ordinator","Artus Air","London, ENG, GB","2026-01-26","fulltime","https://uk.indeed.com/viewjob?jk=3c43eb35a1464a91"
"indeed","Trainee Chief Engineer for Crude Oil Tanker – B & W MAN ME–C (Hiring Office: Manila)","V.Group","London, ENG, GB","2026-01-26","","https://uk.indeed.com/viewjob?jk=3c7f0800b059669b"
"linkedin","Data Engineer","Kareera","Kingston upon Hull, England Metropolitan Area","2026-01-27","","https://www.linkedin.com/jobs/view/4356062688"
"linkedin","Data Engineer","Oculus Legal Group","Birmingham, England, UK","2026-01-27","","https://www.linkedin.com/jobs/view/4366323844"
"linkedin","Data Analyst","VIQU IT Recruitment","","2026-01-27","","https://www.linkedin.com/jobs/view/4365955284"
"linkedin","Data Mapping Engineer","Data Inc","London Area, United Kingdom","2026-01-27","","https://www.linkedin.com/jobs/view/4354119194"
"linkedin","Junior Data Engineer","Bionic","London, England, UK","2026-01-26","","https://www.linkedin.com/jobs/view/4365828593"
"linkedin","Junior Data Engineer","Burson","London, England, UK","2026-01-26","","https://www.linkedin.com/jobs/view/4348690892"
"linkedin","Analytics Engineer","MVF","London, England, UK","2026-01-26","","https://www.linkedin.com/jobs/view/4365859738"
"linkedin","Data Engineer","Venture Up","London Area, United Kingdom","2026-01-26","","https://www.linkedin.com/jobs/view/4366187350"
"linkedin","Data Analyst / Data Engineer","Amach","London, England, UK","2026-01-26","","https://www.linkedin.com/jobs/view/4361978688"
"linkedin","Data Engineer","Inara","Edinburgh, Scotland, UK","2026-01-26","","https://www.linkedin.com/jobs/view/4366227799"
"linkedin","Data Engineer","eTeam","England, United Kingdom","2026-01-26","","https://www.linkedin.com/jobs/view/4366168082"
"linkedin","Data Analytics Engineer","Pavilion Recruitment Solutions","City Of London, England, UK","2026-01-26","","https://www.linkedin.com/jobs/view/4355726850"
"linkedin","Data Engineer","Oscar","London Area, United Kingdom","2026-01-26","","https://www.linkedin.com/jobs/view/4366115743"
"linkedin","Data Engineer","Capgemini","Manchester, England, UK","2026-01-26","","https://www.linkedin.com/jobs/view/4365084715"
"linkedin","Data Engineer - 12 month FTC","SGI","London Area, United Kingdom","2026-01-26","","https://www.linkedin.com/jobs/view/4366135069"
"linkedin","Data Engineer","Consultancy.uk","Manchester, England, UK","2026-01-26","","https://www.linkedin.com/jobs/view/4365902152"
"linkedin","Data Engineer - Harnham","Jobster","City Of London, England, UK","2026-01-26","","https://www.linkedin.com/jobs/view/4321486173"
"linkedin","Data Engineer","Yoto","London Area, United Kingdom","2026-01-26","","https://www.linkedin.com/jobs/view/4321526834"
"linkedin","Data Engineer - Harnham","Jobster","London Area, United Kingdom","2026-01-26","","https://www.linkedin.com/jobs/view/4321496002"
"linkedin","Data Analyst","DataCalculus","","2026-01-25","","https://www.linkedin.com/jobs/view/4365753792"
"linkedin","Junior Data Engineer","Haystack","","","","https://www.linkedin.com/jobs/view/4366612656"
"linkedin","Junior Data Analyst","Haystack","","","","https://www.linkedin.com/jobs/view/4366628157"
"linkedin","HESA Student Data Specialist (fully remote)","Morgan Hunt","London, England, UK","","","https://www.linkedin.com/jobs/view/4356153653"
"linkedin","Data Engineer","Feefo","Petersfield, England, UK","","","https://www.linkedin.com/jobs/view/4366705188"
"linkedin","Data Engineer","Change Digital – Digital & Tech Recruitment","Edinburgh, Scotland, UK","","","https://www.linkedin.com/jobs/view/4353994062"
"linkedin","Data Engineer | AWS, Python","Wilson Brown","London Area, United Kingdom","","","https://www.linkedin.com/jobs/view/4366368809"
"linkedin","Data Engineer","Appello UK","New Milton, England, UK","","","https://www.linkedin.com/jobs/view/4366049115"
"linkedin","Data Engineer","TechShack","","","","https://www.linkedin.com/jobs/view/4366324957"
"linkedin","Python Developer - Real-Time Data/Distributed Systems) - Up to £300k 1st Year Compensation - Elite FinTech Firm - London","Hunter Bond","London Area, United Kingdom","","","https://www.linkedin.com/jobs/view/4356202645"
"linkedin","Mid Data Engineer (Python, SQL, DBT)","Toucanberry Tech","","","","https://www.linkedin.com/jobs/view/4366729337"
"linkedin","Data Engineer","Eden Scott","Perth, Scotland, UK","","","https://www.linkedin.com/jobs/view/4356244786"
"linkedin","Data Engineer","Feefo","London, England, UK","","","https://www.linkedin.com/jobs/view/4366614941"
"linkedin","Data Analyst","Digital Skills ltd","Manchester Area, United Kingdom","","","https://www.linkedin.com/jobs/view/4366710636"
"linkedin","Data Analyst - Finance","GamblingCareers.com","London, England, UK","","","https://www.linkedin.com/jobs/view/4366644076"
"linkedin","Data Engineer","BAE Systems","London, England, UK","","","https://www.linkedin.com/jobs/view/4119724417"
"linkedin","Data Engineer","Haystack","","","","https://www.linkedin.com/jobs/view/4366624334"
"linkedin","Data Analyst","Duval Associates Ltd - Permanent Recruitment Specialists","Failsworth, England, UK","","","https://www.linkedin.com/jobs/view/4366452713"
